PRAGMA foreign_keys=ON;
INSERT INTO Region VALUES('84','Auvergne-Rhône-Alpes');
INSERT INTO Region VALUES('44','Grand Est');
INSERT INTO Departement VALUES('01','Ain','84');
INSERT INTO Departement VALUES('10','Aube','44');
INSERT INTO Commune VALUES('01202','Lagnieu',1150,'01');
INSERT INTO Commune VALUES('01289','Péronnas',1960,'01');
INSERT INTO Commune VALUES('01305','Pont-de-Vaux',1190,'01');
INSERT INTO Commune VALUES('01451','Viriat',1440,'01');
INSERT INTO Commune VALUES('01004','Ambérieu-en-Bugey',1500,'01');
INSERT INTO Commune VALUES('01014','Arbent',1100,'01');
INSERT INTO Commune VALUES('01024','Attignat',1340,'01');
INSERT INTO Commune VALUES('01034','Belley',1300,'01');
INSERT INTO Commune VALUES('01043','Beynost',1700,'01');
INSERT INTO Commune VALUES('01072','Ceyzériat',1250,'01');
INSERT INTO Commune VALUES('01089','Château-Gaillard',1500,'01');
INSERT INTO Commune VALUES('01103','Chevry',1170,'01');
INSERT INTO Commune VALUES('01105','Civrieux',1390,'01');
INSERT INTO Commune VALUES('01108','Coligny',1270,'01');
INSERT INTO Commune VALUES('01124','Cormoz',1560,'01');
INSERT INTO Commune VALUES('01130','Bresse Vallons','01340/01340','01');
INSERT INTO Commune VALUES('01135','Crozet',1170,'01');
INSERT INTO Commune VALUES('01143','Divonne-les-Bains',1220,'01');
INSERT INTO Commune VALUES('01157','Fareins',1480,'01');
INSERT INTO Commune VALUES('01159','Feillens',1570,'01');
INSERT INTO Commune VALUES('01183','Guéreins',1090,'01');
INSERT INTO Commune VALUES('01196','Jayat',1340,'01');
INSERT INTO Commune VALUES('01199','Jujurieux',1640,'01');
INSERT INTO Commune VALUES('01232','Marboz',1851,'01');
INSERT INTO Commune VALUES('01248','Mionnay',1390,'01');
INSERT INTO Commune VALUES('01254','Montagnat',1250,'01');
INSERT INTO Commune VALUES('01272','Neuville-les-Dames',1400,'01');
INSERT INTO Commune VALUES('01281','Ornex',1210,'01');
INSERT INTO Commune VALUES('01285','Parcieux',1600,'01');
INSERT INTO Commune VALUES('01304','Pont-d''Ain',1160,'01');
INSERT INTO Commune VALUES('01307','Port',1460,'01');
INSERT INTO Commune VALUES('01320','Replonges',1750,'01');
INSERT INTO Commune VALUES('01322','Reyrieux',1600,'01');
INSERT INTO Commune VALUES('01323','Reyssouze',1190,'01');
INSERT INTO Commune VALUES('01338','Groslée-Saint-Benoit','01300/01300','01');
INSERT INTO Commune VALUES('01343','Saint-Cyr-sur-Menthon',1380,'01');
INSERT INTO Commune VALUES('01345','Saint-Denis-en-Bugey',1500,'01');
INSERT INTO Commune VALUES('01370','Saint-Laurent-sur-Saône',1750,'01');
INSERT INTO Commune VALUES('01376','Saint-Maurice-de-Beynost',1700,'01');
INSERT INTO Commune VALUES('01380','Saint-Nizier-le-Bouchoux',1560,'01');
INSERT INTO Commune VALUES('01390','Saint-Vulbas',1150,'01');
INSERT INTO Commune VALUES('01391','Salavre',1270,'01');
INSERT INTO Commune VALUES('01401','Sergy',1630,'01');
INSERT INTO Commune VALUES('01405','Servas',1960,'01');
INSERT INTO Commune VALUES('01419','Thoiry',1710,'01');
INSERT INTO Commune VALUES('01427','Trévoux',1600,'01');
INSERT INTO Commune VALUES('01446','Villeneuve',1480,'01');
INSERT INTO Commune VALUES('01021','Ars-sur-Formans',1480,'01');
INSERT INTO Commune VALUES('01318','Rancé',1390,'01');
INSERT INTO Commune VALUES('01333','Saint-André-de-Corcy',1390,'01');
INSERT INTO Commune VALUES('01353','Sainte-Euphémie',1600,'01');
INSERT INTO Commune VALUES('01010','Anglefort',1350,'01');
INSERT INTO Commune VALUES('01051','Bolozon',1450,'01');
INSERT INTO Commune VALUES('01138','Culoz',1350,'01');
INSERT INTO Commune VALUES('01329','Rossillon',1510,'01');
INSERT INTO Commune VALUES('01374','Saint-Martin-du-Mont',1160,'01');
INSERT INTO Commune VALUES('01457','Vonnas',1540,'01');
INSERT INTO Commune VALUES('10411','La Ville-aux-Bois',10500,'10');
INSERT INTO Commune VALUES('10414','Villeloup',10350,'10');
INSERT INTO Commune VALUES('10416','Villemereuil',10800,'10');
INSERT INTO Commune VALUES('10425','Villery',10320,'10');
INSERT INTO Commune VALUES('10426','Ville-sous-la-Ferté','10310/10310','10');
INSERT INTO Commune VALUES('10434','Villy-le-Bois',10800,'10');
INSERT INTO Operateur VALUES(1,'Antargaz-Finagaz');
INSERT INTO Operateur VALUES(2,'Arc Energies Maurienne');
INSERT INTO Operateur VALUES(3,'Caléo');
INSERT INTO Operateur VALUES(4,'Centrale électrique Vonderscheer de Ville');
INSERT INTO Operateur VALUES(5,'Coopérative d''électricité de Saint Martin de Londres');
INSERT INTO Operateur VALUES(6,'Coopérative d''électricité de Villiers sur Marne');
INSERT INTO Operateur VALUES(7,'EBM – Elektra Birseck');
INSERT INTO Operateur VALUES(8,'EdF-SEI');
INSERT INTO Operateur VALUES(9,'Electricité de Mayotte');
INSERT INTO Operateur VALUES(10,'Electricité de Strasbourg');
INSERT INTO Operateur VALUES(11,'Enedis');
INSERT INTO Operateur VALUES(12,'Energie développement services du Briançonnais');
INSERT INTO Operateur VALUES(13,'Energie et services de Seyssel');
INSERT INTO Operateur VALUES(14,'Energie Pays Toy');
INSERT INTO Operateur VALUES(15,'Energies et services Creutzwald');
INSERT INTO Operateur VALUES(16,'Energies et services d''Hagondange');
INSERT INTO Operateur VALUES(17,'Energies et services Hombourg-Haut');
INSERT INTO Operateur VALUES(18,'Energies et services Pierrevillers');
INSERT INTO Operateur VALUES(19,'Energies et Services Sarre-Union');
INSERT INTO Operateur VALUES(20,'Energies et services Schoeneck');
INSERT INTO Operateur VALUES(21,'Energies et Services ville d''Amneville');
INSERT INTO Operateur VALUES(22,'Energies Services Lannemezan');
INSERT INTO Operateur VALUES(23,'Energies Services Lavaur');
INSERT INTO Operateur VALUES(24,'Energies Services Occitans');
INSERT INTO Operateur VALUES(25,'Energies-services Sainte Marie aux Chênes');
INSERT INTO Operateur VALUES(26,'Energis');
INSERT INTO Operateur VALUES(27,'Gascogne Energies Services');
INSERT INTO Operateur VALUES(28,'Gaz de Barr');
INSERT INTO Operateur VALUES(29,'Gazelec de Péronne');
INSERT INTO Operateur VALUES(30,'Gaz électricité de Grenoble');
INSERT INTO Operateur VALUES(31,'Gedia');
INSERT INTO Operateur VALUES(32,'GÉRÉDIS');
INSERT INTO Operateur VALUES(33,'Gignac Energie');
INSERT INTO Operateur VALUES(34,'GRDF');
INSERT INTO Operateur VALUES(35,'GreenAlp');
INSERT INTO Operateur VALUES(36,'Groupement Elise - Régie d''Allemont');
INSERT INTO Operateur VALUES(37,'Groupement Elise - Régie de Pinsot');
INSERT INTO Operateur VALUES(38,'Groupement Elise - Régie de Saint-Marcellin');
INSERT INTO Operateur VALUES(39,'Groupement Elise - Régie de Saint-Pierre-d''Allevard');
INSERT INTO Operateur VALUES(40,'Groupement Elise - Régie de Séchilienne');
INSERT INTO Operateur VALUES(41,'Groupement Elise - Régie de Villard-Bonnot');
INSERT INTO Operateur VALUES(42,'Groupement Elise - Régie de Vinay');
INSERT INTO Operateur VALUES(43,'Groupement Elise - Régie du Moutaret');
INSERT INTO Operateur VALUES(44,'GRT Gaz');
INSERT INTO Operateur VALUES(45,'operateur');
INSERT INTO Operateur VALUES(46,'Primeo Réseau de Distribution');
INSERT INTO Operateur VALUES(47,'Regaz Bordeaux');
INSERT INTO Operateur VALUES(48,'Régie communale de distribution d''électricité et d''eau Mitry Mory');
INSERT INTO Operateur VALUES(49,'Régie communale d''électricité de Gattieres');
INSERT INTO Operateur VALUES(50,'Régie communale d''électricité de Montois-la-Montagne');
INSERT INTO Operateur VALUES(51,'Régie communale d''électricité de Saulnes');
INSERT INTO Operateur VALUES(52,'Régie communale d''électricité d''Uckange');
INSERT INTO Operateur VALUES(53,'Régie communale de Montdidier');
INSERT INTO Operateur VALUES(54,'Régie communale du câble et d''électricité de Montataire');
INSERT INTO Operateur VALUES(55,'Régie d''électricité Counozouls');
INSERT INTO Operateur VALUES(56,'Régie d''électricité d''Aigueblanche');
INSERT INTO Operateur VALUES(57,'Régie d''électricité de Bitche');
INSERT INTO Operateur VALUES(58,'Régie d''électricité de Fontpedrouse et de Mont-Louis');
INSERT INTO Operateur VALUES(59,'Régie d''électricité d''Elbeuf');
INSERT INTO Operateur VALUES(60,'Régie d''électricité de Montvalezan-La-Rosière');
INSERT INTO Operateur VALUES(61,'Régie d''électricité de Roquebillière');
INSERT INTO Operateur VALUES(62,'Régie d''électricité de Sainte Marie de Cuines');
INSERT INTO Operateur VALUES(63,'Régie d''électricité de Saint-Quirc');
INSERT INTO Operateur VALUES(64,'Régie d''électricité de Tours en Savoie');
INSERT INTO Operateur VALUES(65,'Régie d''électricité du Morel');
INSERT INTO Operateur VALUES(66,'Régie d''électricité du syndicat du sud de La Réole');
INSERT INTO Operateur VALUES(67,'Régie de Saint Paul Cap de Joux');
INSERT INTO Operateur VALUES(68,'Régie du syndicat électrique intercommunal du Pays Chartrain (RSEIPC)');
INSERT INTO Operateur VALUES(69,'Régie du syndicat intercommunal d''électricité de la vallée de Thônes');
INSERT INTO Operateur VALUES(70,'Régie électrique communale d''Aussois');
INSERT INTO Operateur VALUES(71,'Régie électrique d''Avrieux');
INSERT INTO Operateur VALUES(72,'Régie électrique de Bessans');
INSERT INTO Operateur VALUES(73,'Régie électrique de Bonneval-sur-Arc');
INSERT INTO Operateur VALUES(74,'Régie électrique de Bozel');
INSERT INTO Operateur VALUES(75,'Régie électrique de Fontaine Le Puits');
INSERT INTO Operateur VALUES(76,'Régie électrique de Gervans');
INSERT INTO Operateur VALUES(77,'Régie électrique de La Cabanasse');
INSERT INTO Operateur VALUES(78,'Régie électrique de La Chapelle');
INSERT INTO Operateur VALUES(79,'Régie électrique de Petit-Coeur');
INSERT INTO Operateur VALUES(80,'Régie électrique de Prats-de-Mollo-la-Preste');
INSERT INTO Operateur VALUES(81,'Régie électrique de Sainte-Foy-Tarentaise');
INSERT INTO Operateur VALUES(82,'Régie électrique de Saint Laurent de Cerdans');
INSERT INTO Operateur VALUES(83,'Régie électrique de Tignes');
INSERT INTO Operateur VALUES(84,'Régie électrique de Villarlurin');
INSERT INTO Operateur VALUES(85,'Régie électrique de Villaroger');
INSERT INTO Operateur VALUES(86,'Régie électrique de Villeneuve-Au-Chêne');
INSERT INTO Operateur VALUES(87,'Régie électrique municipale de Fontaine-au-Pire');
INSERT INTO Operateur VALUES(88,'Régie électrique municipale de Fontpedrouse');
INSERT INTO Operateur VALUES(89,'Régie électrique municipale de Mont Louis');
INSERT INTO Operateur VALUES(90,'Régie électrique municipale de Prats-de-Mollo-la-Preste');
INSERT INTO Operateur VALUES(91,'Régie électrique municipale de Saint Laurent de Cerdans');
INSERT INTO Operateur VALUES(92,'Régie électriques de Tignes');
INSERT INTO Operateur VALUES(93,'Régie intercommunale d''électricité de Niederbronn-Reichshoffen');
INSERT INTO Operateur VALUES(94,'Régie Municipale Bazas-Energies');
INSERT INTO Operateur VALUES(95,'Régie municipale de Cazouls-les-Béziers');
INSERT INTO Operateur VALUES(96,'Régie Municipale de Cazouls-les-Béziers');
INSERT INTO Operateur VALUES(97,'Régie municipale d''électricité d''Allevard');
INSERT INTO Operateur VALUES(98,'Régie municipale d''électricité d''Arignac');
INSERT INTO Operateur VALUES(99,'Régie municipale d''électricité de Clouange');
INSERT INTO Operateur VALUES(100,'Régie municipale d''électricité de Dalou');
INSERT INTO Operateur VALUES(101,'Régie municipale d''électricité de Gandrange');
INSERT INTO Operateur VALUES(102,'Régie municipale d''électricité de La Bresse');
INSERT INTO Operateur VALUES(103,'Régie municipale d''électricité de La Chambre');
INSERT INTO Operateur VALUES(104,'Régie municipale d''électricité de la Ferrière');
INSERT INTO Operateur VALUES(105,'Régie municipale d''électricité de Laruns');
INSERT INTO Operateur VALUES(106,'Régie municipale d''électricité de l''Hospitalet Près L''Andorre');
INSERT INTO Operateur VALUES(107,'Régie municipale d''électricité de Loos');
INSERT INTO Operateur VALUES(108,'Régie municipale d''électricité de Martres Tolosane');
INSERT INTO Operateur VALUES(109,'Régie municipale d''électricité de Mazeres');
INSERT INTO Operateur VALUES(110,'Régie municipale d''électricité de Mercus');
INSERT INTO Operateur VALUES(111,'Régie municipale d''électricité de Merens les Vals');
INSERT INTO Operateur VALUES(112,'Régie municipale d''électricité de Miramont les Comminges');
INSERT INTO Operateur VALUES(113,'Régie municipale d''électricité de Montesquieu-Volvestre');
INSERT INTO Operateur VALUES(114,'Régie municipale d''électricité de Pontamafrey-Montpascal');
INSERT INTO Operateur VALUES(115,'Régie municipale d''électricité de Quie');
INSERT INTO Operateur VALUES(116,'Régie municipale d''électricité de Saint Martin sur La Chambre');
INSERT INTO Operateur VALUES(117,'Régie municipale d''électricité de Salins les Bains');
INSERT INTO Operateur VALUES(118,'Régie municipale d''électricité de Saverdun');
INSERT INTO Operateur VALUES(119,'Régie municipale d''électricité de Tarascon sur Ariège');
INSERT INTO Operateur VALUES(120,'Régie municipale d''électricité de Tours en Savoie');
INSERT INTO Operateur VALUES(121,'Régie municipale d''électricité de Varilhes');
INSERT INTO Operateur VALUES(122,'Régie municipale d''électricité de Vicdessos');
INSERT INTO Operateur VALUES(123,'Régie municipale d''électricité de Villarodin-Bourget');
INSERT INTO Operateur VALUES(124,'Régie municipale d''électricité et de télédistribution');
INSERT INTO Operateur VALUES(125,'Régie municipale d''électricité et de télédistribution de Marange-Silvange');
INSERT INTO Operateur VALUES(126,'Régie municipale d''électricité et de télédistribution de Rombas');
INSERT INTO Operateur VALUES(127,'Régie municipale d''électricité et de télédistribution de Talange');
INSERT INTO Operateur VALUES(128,'Régie municipale d''energie électrique de Quillan');
INSERT INTO Operateur VALUES(129,'Régie municipale de Presle');
INSERT INTO Operateur VALUES(130,'Régie municipale de Saint-Avre');
INSERT INTO Operateur VALUES(131,'Régie municipale électrique de Saint Leonard de Noblat');
INSERT INTO Operateur VALUES(132,'Régie municipale électrique Les Houches');
INSERT INTO Operateur VALUES(133,'Régie municipale gaz électricité de Bonneville');
INSERT INTO Operateur VALUES(134,'Régie municipale gaz-électricité de Carmaux');
INSERT INTO Operateur VALUES(135,'Régie municipale gaz électricité de Sallanches');
INSERT INTO Operateur VALUES(136,'Régie municipale multiservices de La Réole');
INSERT INTO Operateur VALUES(137,'Régie SDED Erôme');
INSERT INTO Operateur VALUES(138,'Régie SDED Erôme-Gervans');
INSERT INTO Operateur VALUES(139,'Régie SDED Gervans');
INSERT INTO Operateur VALUES(140,'Régie Services Energie');
INSERT INTO Operateur VALUES(141,'Régies municipales d''électricité de Cazeres');
INSERT INTO Operateur VALUES(142,'Régies municipales électriques de Capvern');
INSERT INTO Operateur VALUES(143,'Réseau GDS');
INSERT INTO Operateur VALUES(144,'Réséda');
INSERT INTO Operateur VALUES(145,'RME et de télédistribution de Clouange');
INSERT INTO Operateur VALUES(146,'RTE');
INSERT INTO Operateur VALUES(147,'SAEML Energies Services Lannemezan');
INSERT INTO Operateur VALUES(148,'SAEML Hunelec');
INSERT INTO Operateur VALUES(149,'SAIC Pers Loisinges');
INSERT INTO Operateur VALUES(150,'SDED d''Erôme');
INSERT INTO Operateur VALUES(151,'SEM Beauvois Distrelec');
INSERT INTO Operateur VALUES(152,'Séolis');
INSERT INTO Operateur VALUES(153,'S.E.R. Des cantons de Lassigny et limitrophes');
INSERT INTO Operateur VALUES(154,'SICAE de Carnin');
INSERT INTO Operateur VALUES(155,'SICAE de l''Aisne');
INSERT INTO Operateur VALUES(156,'SICAE de la Somme et du Cambraisis');
INSERT INTO Operateur VALUES(157,'SICAE de la vallée du Sausseron');
INSERT INTO Operateur VALUES(158,'SICAE de Precy-Saint-Martin');
INSERT INTO Operateur VALUES(159,'SICAE des cantons de la Ferté-Alais et limitrophes');
INSERT INTO Operateur VALUES(160,'SICAE du Carmausin');
INSERT INTO Operateur VALUES(161,'SICAE ELY');
INSERT INTO Operateur VALUES(162,'SICAE Est');
INSERT INTO Operateur VALUES(163,'SICAE Oise');
INSERT INTO Operateur VALUES(164,'SICAP');
INSERT INTO Operateur VALUES(165,'Sivom d''Energies du Pays Toy');
INSERT INTO Operateur VALUES(166,'Société d''intérêt collectif agricole');
INSERT INTO Operateur VALUES(167,'SOREA');
INSERT INTO Operateur VALUES(168,'Sorégies');
INSERT INTO Operateur VALUES(169,'SRD');
INSERT INTO Operateur VALUES(170,'Strasbourg Électricité Réseaux');
INSERT INTO Operateur VALUES(171,'Syndicat d''électricité synergie Maurienne');
INSERT INTO Operateur VALUES(172,'Syndicat des Energies Electriques de Tarentaise');
INSERT INTO Operateur VALUES(173,'Syndicat intercommunal d''électricité de Labergement Sainte Marie');
INSERT INTO Operateur VALUES(174,'Synelva');
INSERT INTO Operateur VALUES(175,'Teréga');
INSERT INTO Operateur VALUES(176,'TIGF');
INSERT INTO Operateur VALUES(177,'URM (Metz)');
INSERT INTO Operateur VALUES(178,'Usines électrique municipale (UEM) Neuf-Brisach');
INSERT INTO Operateur VALUES(179,'Usines municipales d''Erstein');
INSERT INTO Operateur VALUES(180,'Veolia eau');
INSERT INTO Operateur VALUES(181,'Vialis');
INSERT INTO Releve VALUES(0,2021,44,'01202');
INSERT INTO Releve VALUES(1,2021,44,'01289');
INSERT INTO Releve VALUES(2,2021,44,'01305');
INSERT INTO Releve VALUES(3,2021,44,'01451');
INSERT INTO Releve VALUES(4,2021,34,'01004');
INSERT INTO Releve VALUES(5,2021,34,'01014');
INSERT INTO Releve VALUES(6,2021,34,'01024');
INSERT INTO Releve VALUES(7,2021,34,'01034');
INSERT INTO Releve VALUES(8,2021,34,'01043');
INSERT INTO Releve VALUES(9,2021,34,'01072');
INSERT INTO Releve VALUES(10,2021,34,'01089');
INSERT INTO Releve VALUES(11,2021,34,'01103');
INSERT INTO Releve VALUES(12,2021,34,'01105');
INSERT INTO Releve VALUES(13,2021,34,'01108');
INSERT INTO Releve VALUES(14,2021,34,'01124');
INSERT INTO Releve VALUES(15,2021,34,'01130');
INSERT INTO Releve VALUES(16,2021,34,'01135');
INSERT INTO Releve VALUES(17,2021,34,'01143');
INSERT INTO Releve VALUES(18,2021,34,'01157');
INSERT INTO Releve VALUES(19,2021,34,'01159');
INSERT INTO Releve VALUES(20,2021,34,'01183');
INSERT INTO Releve VALUES(21,2021,34,'01196');
INSERT INTO Releve VALUES(22,2021,34,'01199');
INSERT INTO Releve VALUES(23,2021,34,'01202');
INSERT INTO Releve VALUES(24,2021,34,'01232');
INSERT INTO Releve VALUES(25,2021,34,'01248');
INSERT INTO Releve VALUES(26,2021,34,'01254');
INSERT INTO Releve VALUES(27,2021,34,'01272');
INSERT INTO Releve VALUES(28,2021,34,'01281');
INSERT INTO Releve VALUES(29,2021,34,'01285');
INSERT INTO Releve VALUES(30,2021,34,'01304');
INSERT INTO Releve VALUES(31,2021,34,'01307');
INSERT INTO Releve VALUES(32,2021,34,'01320');
INSERT INTO Releve VALUES(33,2021,34,'01322');
INSERT INTO Releve VALUES(34,2021,34,'01323');
INSERT INTO Releve VALUES(35,2021,34,'01338');
INSERT INTO Releve VALUES(36,2021,34,'01343');
INSERT INTO Releve VALUES(37,2021,34,'01345');
INSERT INTO Releve VALUES(38,2021,34,'01370');
INSERT INTO Releve VALUES(39,2021,34,'01376');
INSERT INTO Releve VALUES(40,2021,34,'01380');
INSERT INTO Releve VALUES(41,2021,34,'01390');
INSERT INTO Releve VALUES(42,2021,34,'01391');
INSERT INTO Releve VALUES(43,2021,34,'01401');
INSERT INTO Releve VALUES(44,2021,34,'01405');
INSERT INTO Releve VALUES(45,2021,34,'01419');
INSERT INTO Releve VALUES(46,2021,34,'01427');
INSERT INTO Releve VALUES(47,2021,34,'01446');
INSERT INTO Releve VALUES(48,2021,34,'01451');
INSERT INTO Releve VALUES(49,2021,140,'01021');
INSERT INTO Releve VALUES(50,2021,140,'01248');
INSERT INTO Releve VALUES(51,2021,140,'01318');
INSERT INTO Releve VALUES(52,2021,140,'01333');
INSERT INTO Releve VALUES(53,2021,140,'01353');
INSERT INTO Releve VALUES(54,2021,146,'01004');
INSERT INTO Releve VALUES(55,2021,146,'01010');
INSERT INTO Releve VALUES(56,2021,146,'01051');
INSERT INTO Releve VALUES(57,2021,146,'01130');
INSERT INTO Releve VALUES(58,2021,146,'01138');
INSERT INTO Releve VALUES(59,2021,146,'01329');
INSERT INTO Releve VALUES(60,2021,146,'01374');
INSERT INTO Releve VALUES(61,2021,146,'01457');
INSERT INTO Releve VALUES(62,2013,11,'10411');
INSERT INTO Releve VALUES(63,2013,11,'10414');
INSERT INTO Releve VALUES(64,2013,11,'10416');
INSERT INTO Releve VALUES(65,2013,11,'10425');
INSERT INTO Releve VALUES(66,2013,11,'10426');
INSERT INTO Releve VALUES(67,2013,11,'10434');
INSERT INTO Consommation VALUES(0,349523.353599999973,1,0.0,0,1,1);
INSERT INTO Consommation VALUES(1,25165.0418500000014,1,0.0,1,1,1);
INSERT INTO Consommation VALUES(2,53952.3461899999965,1,0.0,2,1,1);
INSERT INTO Consommation VALUES(3,14045.63508,1,0.0,3,1,3);
INSERT INTO Consommation VALUES(4,65.4648799999999937,1,0.0,4,1,0);
INSERT INTO Consommation VALUES(5,9285.19104999999945,64,0.23899999999999999,4,1,1);
INSERT INTO Consommation VALUES(6,35132.913959999998,200,0.224000000000000004,4,1,3);
INSERT INTO Consommation VALUES(7,40542.3020899999974,3263,0.254000000000000003,4,1,2);
INSERT INTO Consommation VALUES(8,11921.9062200000007,51,0.254000000000000003,5,1,1);
INSERT INTO Consommation VALUES(9,8653.40006999999968,65,0.151999999999999996,5,1,3);
INSERT INTO Consommation VALUES(10,9133.11148999999932,538,0.153999999999999998,5,1,2);
INSERT INTO Consommation VALUES(11,393.138590000000021,8,0.0546999999999999986,6,1,1);
INSERT INTO Consommation VALUES(12,1523.30745000000001,25,0.113000000000000003,6,1,3);
INSERT INTO Consommation VALUES(13,7199.0681999999997,574,0.130000000000000004,6,1,2);
INSERT INTO Consommation VALUES(14,25190.6594399999994,54,0.367999999999999993,7,1,1);
INSERT INTO Consommation VALUES(15,13548.54457,166,0.255000000000000004,7,1,3);
INSERT INTO Consommation VALUES(16,13951.1144199999998,1237,0.337000000000000021,7,1,2);
INSERT INTO Consommation VALUES(17,5885.63648000000011,19,0.420999999999999985,8,1,1);
INSERT INTO Consommation VALUES(18,5790.84727999999995,61,0.302999999999999991,8,1,3);
INSERT INTO Consommation VALUES(19,15424.0970899999992,925,0.521000000000000018,8,1,2);
INSERT INTO Consommation VALUES(20,390.572369999999978,1,1.0,9,1,0);
INSERT INTO Consommation VALUES(21,6810.75746999999955,14,0.467000000000000026,9,1,1);
INSERT INTO Consommation VALUES(22,2857.46947,38,0.0951000000000000039,9,1,3);
INSERT INTO Consommation VALUES(23,10086.0823199999995,668,0.220000000000000001,9,1,2);
INSERT INTO Consommation VALUES(24,1061.60113000000001,7,0.345999999999999974,10,1,1);
INSERT INTO Consommation VALUES(25,6974.58647000000019,28,0.180999999999999994,10,1,3);
INSERT INTO Consommation VALUES(26,4846.13154000000031,420,0.121999999999999997,10,1,2);
INSERT INTO Consommation VALUES(27,672.175579999999968,10,0.100000000000000005,11,1,3);
INSERT INTO Consommation VALUES(28,6017.80486999999993,465,0.166000000000000008,11,1,2);
INSERT INTO Consommation VALUES(29,1650.61760000000003,7,0.408999999999999974,12,1,1);
INSERT INTO Consommation VALUES(30,1885.19721000000004,19,0.428999999999999992,12,1,3);
INSERT INTO Consommation VALUES(31,5423.07595000000037,408,0.388000000000000011,12,1,2);
INSERT INTO Consommation VALUES(32,278.569200000000023,1,1.0,13,1,1);
INSERT INTO Consommation VALUES(33,1324.10130000000003,9,0.54500000000000004,13,1,3);
INSERT INTO Consommation VALUES(34,1998.59992000000011,119,0.224000000000000004,13,1,2);
INSERT INTO Consommation VALUES(35,263.937490000000025,5,0.0062700000000000004,14,1,3);
INSERT INTO Consommation VALUES(36,941.153819999999996,60,0.356999999999999984,14,1,2);
INSERT INTO Consommation VALUES(37,422.597379999999986,1,1.0,15,1,0);
INSERT INTO Consommation VALUES(38,4849.88998999999967,7,0.180999999999999994,15,1,1);
INSERT INTO Consommation VALUES(39,699.57650000000001,16,0.178999999999999992,15,1,3);
INSERT INTO Consommation VALUES(40,4562.11513000000013,314,0.107999999999999998,15,1,2);
INSERT INTO Consommation VALUES(41,1035.93195999999989,11,0.0908999999999999946,16,1,3);
INSERT INTO Consommation VALUES(42,4615.77376999999978,273,0.106999999999999997,16,1,2);
INSERT INTO Consommation VALUES(43,13994.4703800000006,46,0.347999999999999976,17,1,1);
INSERT INTO Consommation VALUES(44,12346.782149999999,60,0.237999999999999989,17,1,3);
INSERT INTO Consommation VALUES(45,27156.1589400000011,1180,0.264000000000000012,17,1,2);
INSERT INTO Consommation VALUES(46,897.907950000000028,14,0.258000000000000007,18,1,1);
INSERT INTO Consommation VALUES(47,1169.2871399999999,19,0.286999999999999977,18,1,3);
INSERT INTO Consommation VALUES(48,6657.06594000000041,405,0.132000000000000006,18,1,2);
INSERT INTO Consommation VALUES(49,179.451369999999997,6,0.167000000000000009,19,1,0);
INSERT INTO Consommation VALUES(50,10922.5446900000006,17,0.536000000000000032,19,1,1);
INSERT INTO Consommation VALUES(51,2207.43292000000019,37,0.14499999999999999,19,1,3);
INSERT INTO Consommation VALUES(52,10074.3690100000003,685,0.282999999999999973,19,1,2);
INSERT INTO Consommation VALUES(53,145.205049999999999,1,0.0,20,1,0);
INSERT INTO Consommation VALUES(54,889.624659999999948,14,0.0738000000000000044,20,1,1);
INSERT INTO Consommation VALUES(55,491.442720000000008,16,0.0194000000000000005,20,1,3);
INSERT INTO Consommation VALUES(56,3339.28148999999984,221,0.0555999999999999966,20,1,2);
INSERT INTO Consommation VALUES(57,339.503240000000005,5,0.200000000000000011,21,1,3);
INSERT INTO Consommation VALUES(58,320.664179999999987,17,0.0359000000000000013,21,1,2);
INSERT INTO Consommation VALUES(59,930.724150000000008,7,0.142999999999999988,22,1,1);
INSERT INTO Consommation VALUES(60,2929.97083999999995,16,0.355999999999999983,22,1,3);
INSERT INTO Consommation VALUES(61,2694.99510000000009,178,0.165000000000000007,22,1,2);
INSERT INTO Consommation VALUES(62,4859.45042000000012,15,0.747999999999999998,23,1,1);
INSERT INTO Consommation VALUES(63,6877.05350999999973,60,0.0931000000000000022,23,1,3);
INSERT INTO Consommation VALUES(64,12232.3619199999993,840,0.196000000000000007,23,1,2);
INSERT INTO Consommation VALUES(65,369.145530000000007,3,0.0,24,1,1);
INSERT INTO Consommation VALUES(66,975.367449999999962,19,0.123999999999999999,24,1,3);
INSERT INTO Consommation VALUES(67,3024.86598999999978,199,0.107999999999999998,24,1,2);
INSERT INTO Consommation VALUES(68,542.715410000000019,4,0.032599999999999997,25,1,1);
INSERT INTO Consommation VALUES(69,833.494280000000003,62,0.46100000000000002,25,1,3);
INSERT INTO Consommation VALUES(70,5453.93767000000025,423,0.440000000000000002,25,1,2);
INSERT INTO Consommation VALUES(71,1319.93060999999988,1,1.0,26,1,0);
INSERT INTO Consommation VALUES(72,912.941699999999968,7,0.285999999999999976,26,1,1);
INSERT INTO Consommation VALUES(73,2169.28270999999995,22,0.296999999999999986,26,1,3);
INSERT INTO Consommation VALUES(74,4298.09799999999995,275,0.0757000000000000033,26,1,2);
INSERT INTO Consommation VALUES(75,439.188840000000027,6,0.0,27,1,1);
INSERT INTO Consommation VALUES(76,857.465249999999969,13,0.0768999999999999961,27,1,3);
INSERT INTO Consommation VALUES(77,2871.43132000000014,172,0.114000000000000004,27,1,2);
INSERT INTO Consommation VALUES(78,2970.24733999999989,13,0.420999999999999985,28,1,1);
INSERT INTO Consommation VALUES(79,2893.5357100000001,24,0.140999999999999986,28,1,3);
INSERT INTO Consommation VALUES(80,14193.40459,838,0.240999999999999992,28,1,2);
INSERT INTO Consommation VALUES(81,371.289769999999975,11,0.157,29,1,3);
INSERT INTO Consommation VALUES(82,4687.76230000000032,295,0.419999999999999984,29,1,2);
INSERT INTO Consommation VALUES(83,1203.21405000000004,4,0.59199999999999997,30,1,1);
INSERT INTO Consommation VALUES(84,6164.54261000000042,20,0.266000000000000014,30,1,3);
INSERT INTO Consommation VALUES(85,3091.65470000000004,227,0.178999999999999992,30,1,2);
INSERT INTO Consommation VALUES(86,4639.95154999999977,9,0.692999999999999949,31,1,1);
INSERT INTO Consommation VALUES(87,2309.41553000000021,16,0.164000000000000006,31,1,3);
INSERT INTO Consommation VALUES(88,2217.69711999999981,120,0.308999999999999996,31,1,2);
INSERT INTO Consommation VALUES(89,1702.90468000000009,9,0.242999999999999993,32,1,1);
INSERT INTO Consommation VALUES(90,1553.48440000000005,18,0.0555999999999999966,32,1,3);
INSERT INTO Consommation VALUES(91,7637.63508999999976,495,0.0956999999999999934,32,1,2);
INSERT INTO Consommation VALUES(92,18146.1920400000017,20,0.501,33,1,1);
INSERT INTO Consommation VALUES(93,8731.09768000000076,43,0.510000000000000008,33,1,3);
INSERT INTO Consommation VALUES(94,15237.3899700000001,1061,0.323000000000000009,33,1,2);
INSERT INTO Consommation VALUES(95,12012.5830000000005,1,1.0,34,1,1);
INSERT INTO Consommation VALUES(96,803.743050000000039,1,1.0,34,1,3);
INSERT INTO Consommation VALUES(97,473.57862,29,0.232000000000000011,34,1,2);
INSERT INTO Consommation VALUES(98,55.7945100000000024,1,0.234999999999999986,35,1,3);
INSERT INTO Consommation VALUES(99,228.915349999999989,16,0.251,35,1,2);
INSERT INTO Consommation VALUES(100,12103.9137599999994,5,0.400000000000000022,36,1,1);
INSERT INTO Consommation VALUES(101,245.722129999999992,4,0.0,36,1,3);
INSERT INTO Consommation VALUES(102,665.904170000000021,46,0.116000000000000005,36,1,2);
INSERT INTO Consommation VALUES(103,59.0721399999999974,2,0.0,37,1,0);
INSERT INTO Consommation VALUES(104,372.211689999999975,3,0.0,37,1,1);
INSERT INTO Consommation VALUES(105,565.730490000000031,16,0.0446000000000000007,37,1,3);
INSERT INTO Consommation VALUES(106,6895.0627800000002,475,0.126,37,1,2);
INSERT INTO Consommation VALUES(107,2320.50568999999995,8,0.770000000000000017,38,1,1);
INSERT INTO Consommation VALUES(108,2194.35597000000007,37,0.611999999999999988,38,1,3);
INSERT INTO Consommation VALUES(109,4925.89578999999957,598,0.865999999999999991,38,1,2);
INSERT INTO Consommation VALUES(110,5521.6600699999999,13,0.599999999999999977,39,1,1);
INSERT INTO Consommation VALUES(111,5319.86073000000033,41,0.448000000000000009,39,1,3);
INSERT INTO Consommation VALUES(112,10583.4017500000009,895,0.475999999999999978,39,1,2);
INSERT INTO Consommation VALUES(113,396.226269999999999,3,0.0,40,1,1);
INSERT INTO Consommation VALUES(114,540.339709999999968,11,0.529000000000000025,40,1,3);
INSERT INTO Consommation VALUES(115,596.215450000000032,45,0.164000000000000006,40,1,2);
INSERT INTO Consommation VALUES(116,107083.13261,19,0.827999999999999958,41,1,1);
INSERT INTO Consommation VALUES(117,40992.4685099999987,64,0.593999999999999972,41,1,3);
INSERT INTO Consommation VALUES(118,5769.03795999999965,132,0.812000000000000055,41,1,2);
INSERT INTO Consommation VALUES(119,64.0962200000000024,2,0.0,42,1,3);
INSERT INTO Consommation VALUES(120,872.663059999999973,49,0.0864000000000000045,42,1,2);
INSERT INTO Consommation VALUES(121,1059.37192000000004,2,1.0,43,1,1);
INSERT INTO Consommation VALUES(122,455.74720000000002,10,0.36399999999999999,43,1,3);
INSERT INTO Consommation VALUES(123,7382.4436999999998,463,0.106999999999999997,43,1,2);
INSERT INTO Consommation VALUES(124,24859.9223999999994,4,0.5,44,1,1);
INSERT INTO Consommation VALUES(125,569.898410000000012,8,0.142999999999999988,44,1,3);
INSERT INTO Consommation VALUES(126,2156.90214000000014,177,0.101000000000000006,44,1,2);
INSERT INTO Consommation VALUES(127,4978.89768000000003,13,0.224000000000000004,45,1,1);
INSERT INTO Consommation VALUES(128,4969.96014000000013,47,0.193000000000000004,45,1,3);
INSERT INTO Consommation VALUES(129,18694.4398099999998,1052,0.138000000000000011,45,1,2);
INSERT INTO Consommation VALUES(130,14614.6467799999991,55,0.242999999999999993,46,1,1);
INSERT INTO Consommation VALUES(131,10892.3768099999997,88,0.296999999999999986,46,1,3);
INSERT INTO Consommation VALUES(132,19498.5871599999991,1713,0.0938999999999999973,46,1,2);
INSERT INTO Consommation VALUES(133,448.704880000000002,7,0.0211000000000000007,47,1,3);
INSERT INTO Consommation VALUES(134,2934.98093999999991,207,0.0616000000000000019,47,1,2);
INSERT INTO Consommation VALUES(135,1103.69334000000003,1,1.0,48,1,0);
INSERT INTO Consommation VALUES(136,10291.2620700000006,29,0.276000000000000023,48,1,1);
INSERT INTO Consommation VALUES(137,41554.3669500000032,99,0.378000000000000002,48,1,3);
INSERT INTO Consommation VALUES(138,16187.00403,1099,0.192000000000000003,48,1,2);
INSERT INTO Consommation VALUES(139,512.05499999999995,1,0.886000000000000009,49,0,0);
INSERT INTO Consommation VALUES(140,217.224999999999994,2,0.907000000000000028,49,0,1);
INSERT INTO Consommation VALUES(141,659.010999999999967,32,0.517000000000000015,49,0,3);
INSERT INTO Consommation VALUES(142,1841.00800000000003,299,0.409999999999999975,49,0,2);
INSERT INTO Consommation VALUES(143,185.704000000000007,6,0.855999999999999983,50,0,0);
INSERT INTO Consommation VALUES(144,140.236999999999994,14,0.466000000000000025,50,0,1);
INSERT INTO Consommation VALUES(145,2070.5,101,0.526000000000000023,50,0,3);
INSERT INTO Consommation VALUES(146,8486.90799999999944,934,0.306999999999999995,50,0,2);
INSERT INTO Consommation VALUES(147,449.803999999999973,60,0.332000000000000017,51,0,2);
INSERT INTO Consommation VALUES(148,6.80299999999999993,1,1.0,52,0,0);
INSERT INTO Consommation VALUES(149,1505.24,25,0.56899999999999995,52,0,1);
INSERT INTO Consommation VALUES(150,5050.61399999999957,66,0.54500000000000004,52,0,3);
INSERT INTO Consommation VALUES(151,4781.73899999999957,926,0.376,52,0,2);
INSERT INTO Consommation VALUES(152,944.75999999999999,141,0.330000000000000015,53,0,2);
INSERT INTO Consommation VALUES(153,13833.8379999999997,1,1.0,54,0,3);
INSERT INTO Consommation VALUES(154,478890.276000000012,1,1.0,55,0,1);
INSERT INTO Consommation VALUES(155,5847.97199999999975,1,1.0,56,0,3);
INSERT INTO Consommation VALUES(156,65348.2920000000012,1,1.0,57,0,3);
INSERT INTO Consommation VALUES(157,4899.71900000000005,1,1.0,58,0,3);
INSERT INTO Consommation VALUES(158,9033.75799999999981,1,1.0,59,0,3);
INSERT INTO Consommation VALUES(159,4711.83899999999994,1,1.0,60,0,3);
INSERT INTO Consommation VALUES(160,4569.07700000000022,1,1.0,61,0,3);
INSERT INTO Consommation VALUES(161,92.0900000000000034,18,0.393000000000000015,62,0,2);
INSERT INTO Consommation VALUES(162,596.789999999999963,71,0.403000000000000024,63,0,2);
INSERT INTO Consommation VALUES(163,743.490000000000009,1,1.0,64,0,1);
INSERT INTO Consommation VALUES(164,870.779999999999972,107,0.287999999999999978,64,0,2);
INSERT INTO Consommation VALUES(165,26,1,0.79500000000000004,65,0,3);
INSERT INTO Consommation VALUES(166,1056.71000000000003,146,0.353999999999999981,65,0,2);
INSERT INTO Consommation VALUES(167,1948.90000000000009,3,0.996999999999999997,66,0,1);
INSERT INTO Consommation VALUES(168,1558.65000000000009,6,0.975999999999999978,66,0,3);
INSERT INTO Consommation VALUES(169,3064.32000000000016,553,0.370999999999999996,66,0,2);
INSERT INTO Consommation VALUES(170,160.620000000000004,27,0.41499999999999998,67,0,2);
